-- --------------------------------------------------------
-- Host:                         127.0.0.1
-- Versión del servidor:         10.4.24-MariaDB - mariadb.org binary distribution
-- SO del servidor:              Win64
-- HeidiSQL Versión:             11.3.0.6295
-- --------------------------------------------------------

/*!40101 SET @OLD_CHARACTER_SET_CLIENT=@@CHARACTER_SET_CLIENT */;
/*!40101 SET NAMES utf8 */;
/*!50503 SET NAMES utf8mb4 */;
/*!40014 SET @OLD_FOREIGN_KEY_CHECKS=@@FOREIGN_KEY_CHECKS, FOREIGN_KEY_CHECKS=0 */;
/*!40101 SET @OLD_SQL_MODE=@@SQL_MODE, SQL_MODE='NO_AUTO_VALUE_ON_ZERO' */;
/*!40111 SET @OLD_SQL_NOTES=@@SQL_NOTES, SQL_NOTES=0 */;

-- Volcando estructura para tabla proyectopro.detalles
CREATE TABLE IF NOT EXISTS `detalles` (
  `id` int(11) NOT NULL AUTO_INCREMENT,
  `id_inserts` int(11) NOT NULL,
  `detalle` varchar(50) CHARACTER SET latin1 DEFAULT NULL,
  `updated_at` datetime DEFAULT NULL,
  `created_at` datetime DEFAULT NULL,
  PRIMARY KEY (`id`),
  KEY `FK1insert` (`id_inserts`),
  CONSTRAINT `FK1insert` FOREIGN KEY (`id_inserts`) REFERENCES `inserts` (`id`) ON DELETE NO ACTION ON UPDATE NO ACTION
) ENGINE=InnoDB AUTO_INCREMENT=38 DEFAULT CHARSET=utf8mb4 COLLATE=utf8mb4_unicode_ci;

-- Volcando datos para la tabla proyectopro.detalles: ~16 rows (aproximadamente)
/*!40000 ALTER TABLE `detalles` DISABLE KEYS */;
INSERT INTO `detalles` (`id`, `id_inserts`, `detalle`, `updated_at`, `created_at`) VALUES
	(2, 13, 'otro detalle', NULL, NULL),
	(12, 13, 'hola', '2022-04-07 14:40:18', '2022-04-07 14:40:18'),
	(13, 13, 'hola', '2022-04-07 14:40:23', '2022-04-07 14:40:23'),
	(17, 14, 'hola', '2022-04-07 15:05:33', '2022-04-07 15:05:33'),
	(25, 17, 'borrame', '2022-04-07 15:14:24', '2022-04-07 15:14:24'),
	(26, 16, 'asd', '2022-04-07 15:32:25', '2022-04-07 15:32:25'),
	(27, 16, 'asdasd', '2022-04-07 15:32:29', '2022-04-07 15:32:29'),
	(28, 16, 'asdasdsaddsadas', '2022-04-07 15:32:32', '2022-04-07 15:32:32'),
	(30, 14, 'asdasdsad', '2022-04-07 15:33:23', '2022-04-07 15:33:23'),
	(31, 14, 'asdasdasd', '2022-04-07 15:33:25', '2022-04-07 15:33:25'),
	(32, 14, 'asdasdasdasd', '2022-04-07 15:33:27', '2022-04-07 15:33:27'),
	(33, 15, 'asdadsadasdasdasd', '2022-04-07 15:33:32', '2022-04-07 15:33:32'),
	(34, 15, 'asdasdsads', '2022-04-07 15:33:34', '2022-04-07 15:33:34'),
	(35, 15, 'asdasdasdsd', '2022-04-07 15:33:35', '2022-04-07 15:33:35'),
	(36, 15, 'asdasdasd', '2022-04-07 15:33:37', '2022-04-07 15:33:37'),
	(37, 17, 'asdasdasd', '2022-04-07 15:33:45', '2022-04-07 15:33:45');
/*!40000 ALTER TABLE `detalles` ENABLE KEYS */;

-- Volcando estructura para tabla proyectopro.detalles_pedidos
CREATE TABLE IF NOT EXISTS `detalles_pedidos` (
  `id` int(11) NOT NULL AUTO_INCREMENT,
  `id_pedido` int(11) DEFAULT NULL,
  `id_producto` int(11) DEFAULT NULL,
  `cantidad` int(11) DEFAULT NULL,
  `created_at` timestamp NULL DEFAULT NULL,
  `updated_at` timestamp NULL DEFAULT NULL,
  PRIMARY KEY (`id`),
  KEY `id_pedido` (`id_pedido`),
  KEY `id_producto` (`id_producto`),
  CONSTRAINT `FK_id_pedido_id_pedido` FOREIGN KEY (`id_pedido`) REFERENCES `pedidos` (`id`) ON DELETE CASCADE ON UPDATE NO ACTION
) ENGINE=InnoDB AUTO_INCREMENT=106 DEFAULT CHARSET=utf8mb4 COLLATE=utf8mb4_unicode_ci;

-- Volcando datos para la tabla proyectopro.detalles_pedidos: ~50 rows (aproximadamente)
/*!40000 ALTER TABLE `detalles_pedidos` DISABLE KEYS */;
INSERT INTO `detalles_pedidos` (`id`, `id_pedido`, `id_producto`, `cantidad`, `created_at`, `updated_at`) VALUES
	(38, 18, 1, 5, '2022-04-10 18:17:38', '2022-04-10 18:17:38'),
	(57, 10, 1, 4, '2022-04-20 08:24:32', '2022-04-20 08:24:32'),
	(58, 12, 5, 4, '2022-04-20 10:06:09', '2022-04-20 10:06:09'),
	(59, 18, 5, 2, '2022-04-20 13:47:16', '2022-04-20 13:47:16'),
	(60, 18, 1, 3, '2022-04-20 15:27:34', '2022-04-20 15:27:34'),
	(61, 18, 7, 2000, '2022-04-20 15:42:44', '2022-04-20 15:42:44'),
	(62, 18, 1, 2, '2022-04-20 15:48:12', '2022-04-20 15:48:12'),
	(63, 18, 1, 2, '2022-04-20 15:48:13', '2022-04-20 15:48:13'),
	(64, 18, 1, 2, '2022-04-20 15:48:15', '2022-04-20 15:48:15'),
	(65, 18, 1, 2, '2022-04-20 15:48:16', '2022-04-20 15:48:16'),
	(66, 18, 1, 2, '2022-04-20 15:48:17', '2022-04-20 15:48:17'),
	(67, 18, 1, 2, '2022-04-20 15:48:18', '2022-04-20 15:48:18'),
	(68, 18, 1, 2, '2022-04-20 15:48:19', '2022-04-20 15:48:19'),
	(69, 18, 1, 2, '2022-04-20 15:48:21', '2022-04-20 15:48:21'),
	(70, 18, 1, 2, '2022-04-20 15:48:22', '2022-04-20 15:48:22'),
	(71, 18, 1, 2, '2022-04-20 15:48:23', '2022-04-20 15:48:23'),
	(72, 18, 1, 2, '2022-04-20 15:48:24', '2022-04-20 15:48:24'),
	(73, 18, 1, 2, '2022-04-20 15:48:25', '2022-04-20 15:48:25'),
	(74, 18, 1, 123, '2022-04-20 15:48:30', '2022-04-20 15:48:30'),
	(75, 18, 1, 5, '2022-04-20 15:48:32', '2022-04-20 15:48:32'),
	(76, 18, 1, 5, '2022-04-20 15:48:33', '2022-04-20 15:48:33'),
	(77, 18, 1, 5, '2022-04-20 15:48:34', '2022-04-20 15:48:34'),
	(78, 18, 1, 5, '2022-04-20 15:48:35', '2022-04-20 15:48:35'),
	(79, 18, 1, 5, '2022-04-20 15:48:36', '2022-04-20 15:48:36'),
	(80, 18, 1, 5, '2022-04-20 15:48:40', '2022-04-20 15:48:40'),
	(81, 18, 1, 5, '2022-04-20 15:48:42', '2022-04-20 15:48:42'),
	(82, 18, 1, 5, '2022-04-20 15:48:43', '2022-04-20 15:48:43'),
	(83, 18, 1, 5, '2022-04-20 15:48:44', '2022-04-20 15:48:44'),
	(84, 18, 1, 5, '2022-04-20 15:48:45', '2022-04-20 15:48:45'),
	(85, 18, 1, 6, '2022-04-20 15:48:52', '2022-04-20 15:48:52'),
	(86, 18, 1, 6, '2022-04-20 15:48:53', '2022-04-20 15:48:53'),
	(87, 18, 1, 6, '2022-04-20 15:48:54', '2022-04-20 15:48:54'),
	(88, 18, 1, 5, '2022-04-20 15:49:33', '2022-04-20 15:49:33'),
	(89, 18, 1, 5, '2022-04-20 15:49:34', '2022-04-20 15:49:34'),
	(90, 18, 1, 5, '2022-04-20 15:49:35', '2022-04-20 15:49:35'),
	(91, 18, 1, 5, '2022-04-20 15:49:36', '2022-04-20 15:49:36'),
	(92, 18, 1, 5, '2022-04-20 15:49:38', '2022-04-20 15:49:38'),
	(93, 18, 1, 5, '2022-04-20 15:49:39', '2022-04-20 15:49:39'),
	(94, 18, 1, 5, '2022-04-20 15:49:40', '2022-04-20 15:49:40'),
	(95, 18, 5, 5, '2022-04-21 07:09:37', '2022-04-21 07:09:37'),
	(96, 18, 1, 2, '2022-04-21 07:09:38', '2022-04-21 07:09:38'),
	(97, 18, 1, 6, '2022-04-21 07:09:40', '2022-04-21 07:09:40'),
	(98, 19, 7, 1, '2022-04-21 10:59:04', '2022-04-21 10:59:04'),
	(99, 19, 1, 2, '2022-04-21 10:59:07', '2022-04-21 10:59:07'),
	(100, 19, 5, 1, '2022-04-21 10:59:10', '2022-04-21 10:59:10'),
	(101, 19, 1, 3, '2022-04-21 11:36:47', '2022-04-21 11:36:47'),
	(102, 17, 7, 1, '2022-04-22 08:42:20', '2022-04-22 08:42:20'),
	(103, 21, 1, 1, '2022-04-22 12:36:50', '2022-04-22 12:36:50'),
	(104, 21, 7, 2, '2022-04-22 12:37:15', '2022-04-22 12:37:15'),
	(105, 21, 1, 1, '2022-04-22 12:39:14', '2022-04-22 12:39:14');
/*!40000 ALTER TABLE `detalles_pedidos` ENABLE KEYS */;

-- Volcando estructura para tabla proyectopro.inserts
CREATE TABLE IF NOT EXISTS `inserts` (
  `id` int(11) NOT NULL,
  `name` varchar(255) COLLATE utf8mb4_unicode_ci NOT NULL,
  `precio` double NOT NULL DEFAULT 0,
  `stock` double NOT NULL DEFAULT 0,
  `updated_at` datetime DEFAULT NULL,
  `created_at` datetime DEFAULT NULL,
  PRIMARY KEY (`id`)
) ENGINE=InnoDB DEFAULT CHARSET=utf8mb4 COLLATE=utf8mb4_unicode_ci;

-- Volcando datos para la tabla proyectopro.inserts: ~9 rows (aproximadamente)
/*!40000 ALTER TABLE `inserts` DISABLE KEYS */;
INSERT INTO `inserts` (`id`, `name`, `precio`, `stock`, `updated_at`, `created_at`) VALUES
	(13, 'hola', 123, 123, '2022-04-07 09:14:02', '2022-04-07 09:14:02'),
	(14, 'hola', 123, 123, '2022-04-07 09:14:05', '2022-04-07 09:14:05'),
	(15, 'asdasd', 345, 345, '2022-04-07 09:14:13', '2022-04-07 09:14:13'),
	(16, 'asdasd1', 123123, 123123, '2022-04-07 09:14:16', '2022-04-07 09:14:16'),
	(17, 'sadsad', 213123, 123123, '2022-04-07 09:14:33', '2022-04-07 09:14:33'),
	(18, 'hola', 1, 123, '2022-04-07 09:35:08', '2022-04-07 09:35:08'),
	(19, 'testext', 3, 123, '2022-04-07 09:35:42', '2022-04-07 09:35:42'),
	(20, 'testext', 1.25, 123, '2022-04-07 09:36:16', '2022-04-07 09:36:16'),
	(21, 'hola', 1.25, 123, '2022-04-07 09:36:25', '2022-04-07 09:36:25');
/*!40000 ALTER TABLE `inserts` ENABLE KEYS */;

-- Volcando estructura para tabla proyectopro.migrations
CREATE TABLE IF NOT EXISTS `migrations` (
  `id` int(10) unsigned NOT NULL AUTO_INCREMENT,
  `migration` varchar(255) COLLATE utf8mb4_unicode_ci NOT NULL,
  `batch` int(11) NOT NULL,
  PRIMARY KEY (`id`)
) ENGINE=MyISAM AUTO_INCREMENT=4 DEFAULT CHARSET=utf8mb4 COLLATE=utf8mb4_unicode_ci;

-- Volcando datos para la tabla proyectopro.migrations: 2 rows
/*!40000 ALTER TABLE `migrations` DISABLE KEYS */;
INSERT INTO `migrations` (`id`, `migration`, `batch`) VALUES
	(2, '2019_12_14_000001_create_personal_access_tokens_table', 1),
	(3, '2022_04_06_120641_create_permission_tables', 1);
/*!40000 ALTER TABLE `migrations` ENABLE KEYS */;

-- Volcando estructura para tabla proyectopro.model_has_permissions
CREATE TABLE IF NOT EXISTS `model_has_permissions` (
  `permission_id` bigint(20) unsigned NOT NULL,
  `model_type` varchar(255) COLLATE utf8mb4_unicode_ci NOT NULL,
  `model_id` bigint(20) unsigned NOT NULL,
  PRIMARY KEY (`permission_id`,`model_id`,`model_type`),
  KEY `model_has_permissions_model_id_model_type_index` (`model_id`,`model_type`),
  CONSTRAINT `model_has_permissions_permission_id_foreign` FOREIGN KEY (`permission_id`) REFERENCES `permissions` (`id`) ON DELETE CASCADE
) ENGINE=InnoDB DEFAULT CHARSET=utf8mb4 COLLATE=utf8mb4_unicode_ci;

-- Volcando datos para la tabla proyectopro.model_has_permissions: ~0 rows (aproximadamente)
/*!40000 ALTER TABLE `model_has_permissions` DISABLE KEYS */;
/*!40000 ALTER TABLE `model_has_permissions` ENABLE KEYS */;

-- Volcando estructura para tabla proyectopro.model_has_roles
CREATE TABLE IF NOT EXISTS `model_has_roles` (
  `role_id` bigint(20) unsigned NOT NULL,
  `model_type` varchar(255) COLLATE utf8mb4_unicode_ci NOT NULL,
  `model_id` bigint(20) unsigned NOT NULL,
  PRIMARY KEY (`role_id`,`model_id`,`model_type`),
  KEY `model_has_roles_model_id_model_type_index` (`model_id`,`model_type`),
  CONSTRAINT `model_has_roles_role_id_foreign` FOREIGN KEY (`role_id`) REFERENCES `roles` (`id`) ON DELETE CASCADE
) ENGINE=InnoDB DEFAULT CHARSET=utf8mb4 COLLATE=utf8mb4_unicode_ci;

-- Volcando datos para la tabla proyectopro.model_has_roles: ~4 rows (aproximadamente)
/*!40000 ALTER TABLE `model_has_roles` DISABLE KEYS */;
INSERT INTO `model_has_roles` (`role_id`, `model_type`, `model_id`) VALUES
	(1, 'App\\Models\\users', 11),
	(1, 'App\\Models\\User', 15),
	(1, 'App\\Models\\User', 16),
	(2, 'App\\Models\\User', 17);
/*!40000 ALTER TABLE `model_has_roles` ENABLE KEYS */;

-- Volcando estructura para tabla proyectopro.pedidos
CREATE TABLE IF NOT EXISTS `pedidos` (
  `id` int(11) NOT NULL AUTO_INCREMENT,
  `id_user` int(11) DEFAULT NULL,
  `fecha_pedido` varchar(50) CHARACTER SET latin1 DEFAULT NULL,
  `estado` int(11) DEFAULT 0,
  `total` float DEFAULT NULL,
  `updated_at` date DEFAULT NULL,
  `created_at` date DEFAULT NULL,
  PRIMARY KEY (`id`) USING BTREE,
  KEY `id_user` (`id_user`)
) ENGINE=InnoDB AUTO_INCREMENT=22 DEFAULT CHARSET=utf8mb4 COLLATE=utf8mb4_unicode_ci;

-- Volcando datos para la tabla proyectopro.pedidos: ~11 rows (aproximadamente)
/*!40000 ALTER TABLE `pedidos` DISABLE KEYS */;
INSERT INTO `pedidos` (`id`, `id_user`, `fecha_pedido`, `estado`, `total`, `updated_at`, `created_at`) VALUES
	(7, 2, NULL, 0, 31, '2022-04-08', '2022-04-08'),
	(8, 3, NULL, 0, 15, '2022-04-08', '2022-04-08'),
	(9, 2, NULL, 0, 15, '2022-04-08', '2022-04-08'),
	(10, 2, NULL, 0, 492, '2022-04-08', '2022-04-08'),
	(11, 2, NULL, 0, 15, '2022-04-08', '2022-04-08'),
	(12, 4, NULL, 1, 20, '2022-04-08', '2022-04-08'),
	(17, 7, NULL, 0, NULL, '2022-04-09', '2022-04-22'),
	(18, 7, NULL, 1, NULL, '2022-04-10', '2022-04-10'),
	(19, 5, NULL, 0, 110, NULL, '2022-04-21'),
	(20, 5, NULL, 0, 20000, NULL, '2022-03-21'),
	(21, 6, NULL, 0, 30, NULL, '2022-04-22');
/*!40000 ALTER TABLE `pedidos` ENABLE KEYS */;

-- Volcando estructura para tabla proyectopro.permissions
CREATE TABLE IF NOT EXISTS `permissions` (
  `id` bigint(20) unsigned NOT NULL AUTO_INCREMENT,
  `name` varchar(255) COLLATE utf8mb4_unicode_ci NOT NULL,
  `guard_name` varchar(255) COLLATE utf8mb4_unicode_ci NOT NULL,
  `created_at` timestamp NULL DEFAULT NULL,
  `updated_at` timestamp NULL DEFAULT NULL,
  PRIMARY KEY (`id`),
  UNIQUE KEY `permissions_name_guard_name_unique` (`name`,`guard_name`)
) ENGINE=InnoDB DEFAULT CHARSET=utf8mb4 COLLATE=utf8mb4_unicode_ci;

-- Volcando datos para la tabla proyectopro.permissions: ~0 rows (aproximadamente)
/*!40000 ALTER TABLE `permissions` DISABLE KEYS */;
/*!40000 ALTER TABLE `permissions` ENABLE KEYS */;

-- Volcando estructura para tabla proyectopro.productos
CREATE TABLE IF NOT EXISTS `productos` (
  `id` int(11) NOT NULL AUTO_INCREMENT,
  `nombre` varchar(50) DEFAULT NULL,
  `precio` float DEFAULT NULL,
  `stock` int(11) DEFAULT NULL,
  `borrado` int(11) DEFAULT 0,
  `created_at` timestamp NULL DEFAULT NULL,
  `updated_at` timestamp NULL DEFAULT NULL,
  `imagen` longblob DEFAULT NULL,
  PRIMARY KEY (`id`) USING BTREE
) ENGINE=MyISAM AUTO_INCREMENT=21 DEFAULT CHARSET=latin1;

-- Volcando datos para la tabla proyectopro.productos: 7 rows
/*!40000 ALTER TABLE `productos` DISABLE KEYS */;
INSERT INTO `productos` (`id`, `nombre`, `precio`, `stock`, `borrado`, `created_at`, `updated_at`, `imagen`) VALUES
	(1, 'macarrones', 10, 123, 0, NULL, NULL, NULL),
	(2, 'asd', 15, 123, 0, NULL, NULL, NULL),
	(3, 'hola', 5.25, 66, 0, '2022-04-10 21:30:24', '2022-04-10 21:30:24', NULL),
	(4, 'salchichas', 8, 100, 0, '2022-04-20 07:11:34', '2022-04-20 07:11:34', NULL),
	(5, 'chorizo', 5, 232, 0, '2022-04-20 09:54:10', '2022-04-20 09:54:10', NULL),
	(7, 'palomitas', 5, 11, 0, '2022-04-20 09:56:09', '2022-04-20 09:56:09', NULL),
	(20, 'pollazo', 5, 5, 0, '2022-04-27 15:32:22', '2022-04-27 15:32:22', _binary 0xffd8ffe000104a46494600010101004800480000ffdb00430006040506050406060506070706080a100a0a09090a140e0f0c1017141818171416161a1d251f1a1b231c1616202c20232627292a29191f2d302d283025282928ffdb0043010707070a080a130a0a13281a161a2828282828282828282828282828282828282828282828282828282828282828282828282828282828282828282828282828ffc2001108019e02e003012200021101031101ffc4001c0001000203010101000000000000000000000506030407020108ffc4001a010100020301000000000000000000000000030401020506ffda000c03010002100310000001ea8000000000000000000000000000000000000000000000000000000000000000000000000000000000000000000000034f9b9d4ebfcda62aef29a723b55f78a97c317b2ffb1c672db8fb0a1e625d400000000000000000000000000000000000000000000000000000000005375e220da22fbbee1db0adb80030e665ceac563a8f52bf4a73ee83d7ae000000000000000000000000000000000000000000000000000000020a77936ac979f9f7cdde0876000000028d76f5cffb35bae8e9c0000000000000000000000000000000000000000000000000000001a1429adae74db83896800000000158b3f99309ee7bd0bd450000000000000000000000000000000000000000000000000000000a3ce46c9726c0726c0056a956e3eb4e77d122d821d80000ae5ff9bccfa3a56f5230657e73efb36bd015db06d8f400000000000000000000000000000000000000000000000008f81b5723a13dae679fdb7916a4c438e2beae7cff00d15287eed40ea9466f439738000d5ca26c18736f808f2f3e9940415f1634a2db776b37e1e84e3772e8c3721be00000000000000000000000000000000000000000000118517534e4f87d5c31166d2af2cf4df28ea4a99457c8000000000000002ad69498e6bd4f439cf62af6853ae3d088000000000000000000000000000000000000000001cd3a5f2f8f6dbaf40c9f27a3af29b32f660af5c158a3b5e7dc5eef1a7d96b0da6ab2da6a8dbfba7eb6c6d30e69f463a8695d8a5f5ac3258cd5766c0d11495d3d73b8a5ee6f8b40afb814397b2d1bab5faaa897bebd700000000000000000000000000000000000000001a1be3cfa0011f2039742f6bac45b51ec728f1fd20ab200028d6287e8c13d3b8f26f80c00010738df1cdfa1ebf39b9175360cf4660c39b74672eedd5ee0f3eba3080000000000000000000000000000000000000000000029376a1c3b4a0f0dd600002a3358a1fa505cb6757ed1976de3dde8833800069ee3672aea71350bd0f471cf995bb237c572ff00c5fb47a7a01b00000000000000000000000000000000000000000000512f713845faadd93c3f5421dc003cf34e9b1b7b4dad8e5fd2f5d7364c4ab26d7ad3fb3e9b6d7f52633317adf1edf3eef8502ffe26d21e6f9874fdf015b7e65d9b975e7d0d39b16e3000000000000000000000000000000000000000000000e4b72f101c1b7621e7ae8003c7b651145e9ba9d1d7eef7349ec476d1ce99abb5e36c7b577765d657efc41bfbf589be39f74ce6b7fead6dc79f50ef5dd990a976eaf521d280000000000000000000000000000000000000000000001c93adebeaaaed73cbff0091e964142600079f4cb5ebb6ac7633cded7315cbb0db1ceb3c58bf40c76162466ebbb2de621316f15cbfe1cd06ccb895f3b9cdafd01d6add1943be7a7a2000000000000000000000000000000000000000000000046f22edf1f1e6073738bbf95e8480e74e00003cfa6587c6cb6da3736e376bec11e3cfcf6c0318000e7fd82a31deb39dd1c74e0000000000000000000000000000000000000000000000030f25ec0c394dbb4f9ff0edf4c434bf06efa118000000000000052ee94aead6eba3d5500000000000000000000000000000000000000000000000006aed0e0d92c53bc3bd1b354c8aa92f4bf543b2549265afeaaef998fee31ede7ee31f5f3ee06a44d88ec3a192dfdbab52d5bdc25b8f49118f993ecc0dbac1d48368742100000000000000000000000000000000000000000000000002ad40e9dcf28daf1b7af70a7345533baf2dbb5607d5f1c4bf45cd6bf16e1abe5ebdeefd7e53bbd253c751b5fb4fa000000000000000000000000000000000000000000000000000000000512076f2f2fa15aed1cabaddcaaa0dfb9ec9a56fc6f47f1ba333d4a2a57b9cb0c800000000000000000000000000000000000000000000000000000001044eb96c747bf61d0e4bb35e6486deaf36fcdddb9c740ef71f3f1eb7c153b5a7adb366af2dd475280000000000000000000000000000000000000000000000000000000083f944af360d5d7d8a36e4f7aabaf04b35e3672b32187e43432cc55d64b3068d8cab66a7d979cf49ecf282dd6000000000000000000000000000000000000000000000000000000028f5eeb2af2f2eb25b6892e953f5eebbcdbd658cd7bbd79aabb192224d2f1ee8d3f5ec4de9fa8f8b7f5a51bb37aa5dae9f9ffb27539f3824d0000000000000000000000000000000000000000000000000000000063c823b9ff518e8a4e419bb06d47bf39aa5c2b38cc87c819fa36a22ef70cfd3a1e1ed2e9f3e8000000000000000000000000000000000000000000000000000000000000014086eb0825aa5ac9e200000000000061cda037f89d84e97a9c8e18fd00f3e861cbc4ced196b72db6bbcf8d76c7969b67b10ed9175e69460d1255e2349568e43680000000000000000000000000000000000000000000000000001c932e8fc24f5f4ec240d961e10ba4647d78e98c78bb7cdda9480bfd69a8176ac4ec7b7ae6b6ea851b53db91d5e3c7ac7782a6b2c59d30000000000000000000000000000000000000000000000000002a56d1cc2f12e35bced881dfdf149a9f57832c78b659c47c819c68eacc088cd22d76f9016018327b1859801ffc4002f100002020102050401040202030000000003040205010006111213146010152030502124254022231635313370ffda0008010100010502ff00eb99ce31862e500689ba528ebfe580d4375aba0ee1ae2e82711e3e26d321544eee62127edb6761906dd5a3a1d4a30d610531a956a52d168529e8b40c0240bcb0af9d7d8acfc3c42eef0486815adda154500a43e65140d07a948bce8afb0ce7c3b715c7698a7a8e97d9735316f1b6edf27f0db97e35e950a32967eddc08e7549618b14bc2dfcfbbee0fbd6cfb2df7853e7ed92db20e44befdc2b7715d46d77757e13bb49c94c98fa2a7df2c6251d9f9cc41e13bbb1c6bff00a3b771cb67e13ba63c6abe36b6914e4d5b5a0495db839a7f4d54cd06e45b5ceb33b8d771771d7bb5a0b51dcc18e57baaf3ea32c4b1e05600ee5150d8ca00b011cbeac34456f6eada7679d546652acfa2923fb3f84a389618a848dacd2b0b67171695fa46f526fc049388c71cfb896d31388abdc1babfa5dd3f7729563b1957509893c6311c7cdae6edc23c043f43b4aab3ac7bad2eab3702ae7e7f7135271c60f152083596a265cd5e7acb013e2fec58d2aede97b07e90883c0785f9bb26b09234c2cf4d856079087008cafac2d4898eb8e78243fb06140c372b58ac2d25d8dfc7e6b789653cc63818dab58433d06dbd054003046e1c5114809e25ae6d73635c71ae38d71c6b8e35c71f224e238b17a90b58b668da8b16b2d60d638d4592f01d82a497cae29f9b3b7af3b9fcd5f9202ba2b257e4baeec703aab83683b6712cb74dd11c2e64122ed018c7d1c75897a58dd62040d3b0e4964965b1f06560b31222e23a42e04797c6faababadb771de43f3054d731a31c471f07135dc837b57f522f755f01bd691d26c14df45abc560d575a2407f4595685e8aef33526112251fc2f9192a6a5b18d8a7f9fbc9fe9f45b319550db8a606b433f538a89b0c26c50b60340e2f59c71388a53a1b98cb128fe7aea5fcb7d1b9f8fb7d5ffd76a39e3f536b0db02c6351bf096271f5be4fbb47683bd74ff3db83fc2d3e8b7077086da67a8afa633c7eab4462f2db7dd9ae7f857ff1dba3f3dbba39c25096271f9cbff0f4275762b9a0c07d312d71c7d3b9d2fd2a1cef52f5dcf8e8bf096270fcedaafddd7501fad5ff00432081c4b98d4ae089030fe1cd9d73eb9f5cd8d71c7a92112429b32afbaf5dd83e29d213ab53f9e2e3dab70fd12c69b586d0a136695851a1362f84ce31cfe1c73ae7d6e4ff004d8633c71e9b821d4a9da24e7a7fcf6e4afef90a477bb57e8963451c0c366bd8af2d75d08ff09c6338cd7614d24f09bf8ee8cf34a1c611c678fa343eb2db24bfa7e7ef159d5582c78321fa338e3ace3869faa0b5a896c2a749dbaccfc2c90ee355f683287070e7526031d3772a8715eb19b73d312f404fda772fe7d80c180cb06dbf6039c490fa731d671a6aa163eb0ad9a3a8de185ac5fabc0979d4d56a3918a7589cf5ece96808ac0cc71f1bb4fbd576ad9772b7e7ec1313cb426c50b612c0c3fab971ae5d671ae80b518e238c63d3971ae5c7cece13acb35cb1383f3ef2617406137b7d949c1382fec3abe1a5767359e9780185030ece918af2d6dc8cff00d91fecf75f815bd001dd60efd3112b00b78e6c7f5ad7fef3c0d90c0e01d5f70a0ec9c4a4a58aeceb9b5cdf6e0b3666741c0455746c67d24f2b1cd77f27b8bc11c866a2cc908922d518a7afe52bf4bde8f3a038b9f5c75cd9d736b9b1ae38d71c7a99908358b2ee241ab3b1a8422386ac2b167b52a8b01ebd8186331dbf5b1c2cb8961f826e50c0d510358a5885d47129db838a95126f4ad489a53dbec97d7756c1d7bd961ac5f8f5efd1cea362f175115e1f50a278da576fa00d4231847c32eb87b4866d456ce7fd5b64118576a1fb4bef460e35c74e093a68c231f12dd85976b3cb018bf9917411e042d6e95b05cc8b6d1c65db29e36fd6c1ec789dfcba97e7d500fbbbcf4be24e76c429e19b2374d6aa5bb4aff1194b11c49e523a8170f6e0b19f4c1b457e9557a64c56adb2c6493ad0fb85f787bb6c9a7a36e6296539dd35af67c9331a55b1a5971ae3b40c8e951de2a3502619e3b92cbb45ab97ed5578bd21ed353b7adf0db3b35eb8646ec6db1145750cdf0e5eb68f6901c80779ad06248c5d2c84298404c3050a674539f5b5670c98b08e210f0cb777b3041684729fed5d65b5b84ac71c83933659ab00851ce792c7259674d3411ea3871fd248854c7a405c6e7c36e865efbb6b33e87b64a69c2a2b2bc46eadd1ab9898a659e025ee583462834c46b535e1ae78fab46e809f2c029279b25015b7e1627e1db9bfce45b458782b79c9e39c61cc9231d40b85226b3c691c34fe79068ea45c68e48e9e2418d4acc18d34783b8a481c759e1b3844918a2ac326260ef59341385556d5a1836eac08e3f956db1461a31a3d3049a7e68ede5c5a842308e631ceb18e1e2264953c82b043e9bbcf2e8355c2c06361c81afa43bd3088601f8bee65c9d6889c735574a04b3fd229462885c58f2f433020cbd4a580862240a3f594e319f87329aed656ad15839436a6834e3364adb32266bd68e712c6b3aca9723cd4af8aaac13602fa6738c61c6c79b003023fa34faaa484619850b052729ce308b362a2c565b02c35981322f06da32e36dbc97e996f2d09d3df1ffb2c552d118167936e0de52942bae2c33259de2d5a5c0860d34dc80f26a665868038590403062c58ed11db55f1b09ee92612a96d01676e36f4d9daa6a91e6828ab2368b6d59495b7f06db4612961b8ad0767aba4e42637703abadd564bb0bbc12d517745a05d0d8f1c53b7ccbbd66cc5b9d9e3a6f6ac71cb6b60e8905992c2e68f6e5c2e8ab7fc2d29737f1cd091398b692c1ccf6b6cf866350a0331de3e0add5b0cc93db10eb255aa25a28045932b89a12b508aa47540ba005557d44b717072ea508ce1800b186141312d36b41983680dc4eb6bc35c1222a94bc3f4f66afeb9c3038631c42011c023e94306f0c6971b4bd652ab5e5fe87fffc4002d11000201030205040104030100000000000102000311122131041020415013223251303342617114234060ffda0008010301013f01ff00c00a6c67a067a2d0a91bf89552d16985e9a94bbaf8702f157116ebac96d4786a235fc0c2e2de1a877e6d542c560db74e04ed306fa96b783a172d611c60d89e4e84194548d4f4a8b0e669a98d43ea116dfc070f45969dd7731e98296aa7583ebf2150778f4b1dbfee419358c7e2c1d14d84f5e9aeb6b9fe62f1018dda594ed30130984c211685fb2cb31dccc4fdcb199f63cea52ee3c0adefa45423bf454bb1c04c71d3a080779734f7db9d54b6a3c027c874ed57fb845fa7783d871edc88b8b78146c96fd0e998fe6537cb43bc22f30981963c9d721694dae3955166f01c354fda7a6a52cfdc378b52c717d0f23fc40fd8f2b08abef6b72ae35f01b4a55731d242b8b34f49d3e067ab6f98b46a94d85a28a98cc6a98a8105a11795a95c69e0412a6e252ac1ff00beaca5c426f2fd15d316f054b88ecf06ba8fc7c48f6783a281c5d0d8cf51d7f5045747d8cc658f36a8abb995389be8b12bb2cff287d4a958be9e0f8617bcad51e90de52b33fbfbcf42df1265576a5fba1e26a7dc351cee7c47069ed2d2bbe6f298bb01194282723e2569b3fc441c25531299a54addf97094f37bfd4e2dc818787a545aaed29d3a6ab73bcf5d6fecd4cf7b58b18ec15778cbebec34fb94e98a62cb38bfd53e1c57655c44176307a746d89d62dea5ec6d3fd69666de2d6c8656d231d348fe9d463998ea14e86fe2293846cad1f886637946917f76f68fc42a7c63d467dfc625664188fcf90bdb92550c48f18e459efbde52193b65da505019bc65840a06b3117bf57fffc4003711000201030105050703020700000000000102030004111205132131501020324151142233426171a1233091248140435260b1d1f0ffda0008010201013f01ff00603de449e7476947e9436946798a8e7493c27a4cf3ac2b96a9ae9e6e7cbb80e3955adffcb2f477608351a9a532b6a3dfb0b8d4376dd1b68be23d3ebfb11beedc30e8db4fe5ed8aca4946a152c2f09c3777da2340031a17509f9a95d5b91e877e8190331e54c994de2f65bdc46e838d6d09d1f08bdc032715236b72dda9772a723516d207848291d5c654f40bb9d5e6d2de1151c8c243b95e1e953c61788f3fdc8e468ce54d5b5f2c9eebf03fe3a462aa48a8ec08e2e326bd9a56e04e07d2afac25d3888647e68b4919c357b4357b41af683e942e3d452b86e54b6d81aa538145e15f0ae7ef5be5ff0040fcff00dd0319e628db9c6a4e23b6cef3fcb93a0cc17412e3352ce92728c0ee5a05863372ff0061f7a3319bdf3dc47643a96b4add0caf06ff009a231c0f658dceb1a1b98e817033130fa1eee35d8f0f94d4726834083c477012a722a402e5378be21cfb23731b0614a750c8e813c5b990a7a772cae374d86e479d5ddaee0ea5e2a791a562bca85c7ad09d6b78a7ceb39a825313eaaba8c47270e47b2c9b5423a06d8b5cfebaff007ee038ab6bad23438ca9f2a9ec786f2dfde5fc8ec5c67dea680e9d69c47fee7d82461e7534dfd3c45f9f1a041e55b35bdc2bd019430c1abeb236cfc3c27b80e2a2b868ce54e28cb05c7c6183ea28ece66f82c1aa1b4ba8df52ae2a68edf78719c7d2952d5789c9fc55d4e666fb52b15e55b3ef424986f3e83246b2ae87e557bb3ded8e4715eee7142435be279d3366b51ee6cbb9df45a5b98e8246781abbd900fbd07f14f13c670c3f6f63b113e3d4743ba94c4fa275d4be546d619be0b7f6352d8c91f8856ecd693583d915a4d37816ad76385f7a6e3f4ab8d990cc380c1fa50d88f9e2dc2ad367476cdac1c9e877b8c0c807ef505a4339ce9c63eb5741a38730f0c57b76af8880d5b4515c9f8581eb9a1b3adc7cb4b6f127854748bf7c305ab68f77181529c2134a03305d0b406063a43ca89e2346fa11e7524a26981f2ecbd974263d6ac501264c7479ee161e752cd23be072fa57b3c98f7f80afd35caa8fe690167e59a56f67e2cdc7d2a491a56d4d5643f447476b6466d6d4708b477b719d4bc3ca9f116350c9fc5032c9954e5fc53c1a0e9cf1a4e7c6a3dec4a340e7513332e5863a44d199174838a8ed51060f1ab8984634e719a8ed6490e1fcaa38523f08e99240923066fdf08c4640ec92dd914363a6441898caf871570dbb8d34798aba918c69c7cba66a2385162460d6b3a74f977bffc40046100001020303050b090801040301000000010203000411122131132241516105101423303252607181a12040426291b1c1d1e124335053728292f0a23443b2f115637073ffda0008010100063f02ff00eb95268233e6504ea4e77ba3310f2fba3fd339ed119cc3c3b2863ef4b67d74c5a65c42c7aa6bd54ca4c3894276c64f739935e92854fb22d4ebc523d73f08e356e387d822e9641edbe3fd333fc22f956bb8523352b6ff004aa2dc94c5e3f6980dee8345c4fad71f6e98acbaefd29388ea896daa3933ab427b63846e8b8a4a4e034f76a8b2c3613b749e40a1d405a7518e11b98b5029bec56f1d9025e728898c01d0afaf53f834adf32aff001fac7089ccf7cdf437d9faf285d6336607f947039cba613813e97d7a9aa77159b903598e1f379cf397a6befe5b874ae6bcddeaa7be12e7fb82e58dbd4cc8e32d2f8fc7cc02709598f0ff00aea5bcf74124c1795cf7955aecf3052873dacf1f1861c3cea595768ea52c74d4130cb7d1401e6052703744db07fdb77fbeeea532346593f1f32dd61a3283e3d4a2bfcb5a55e3e5069b465661582628f0c89c6c96e90113a948affb89f8f25ba6b610daad3d4aad54c3ba334c927b9462e764ff00898e649afdb1c76e6da1ea2a29332cfb27b23366500ea5e6c552411b3a86fb3a56820434eb8424580544e884a121745f3144502bc8726280ad0e9b8c3769b4b6946005fbd2c578d8e44bbf9ce29cf1f268a008db17b21275a2e8b5b9d38b46c374527e5f2a8e9e1e22e80329925f45cbba82a5b8425291524c28de9904ac9423a461b7d9e7b0ab501c6ff72751dfcbcbd03da41f4a28659dee1580a9b1936fa3a4c002e03907037cf29a084369e6a0591c89294e497ad1f28ab6acb4b0d188fa40439c43ba9581effc7d3b9ac1cd17bc61b6996edacdc840872db760a0d931c26439be923fba22a9cd707391abce4a91c53bac607ba0353492ecbe8fa18ca4baebac691f8e3af9f445ddb0b9876f71e35ac554562ea1b26958b0da42522339d15f56f813722d3a95a6f37512a109524dc457ce4a1d48520e831c2b7396ab234691f3101b768dccead0aecfc6e564d1e9aad1f74048b929148b12c32abf08acd39611d11150915e92a326d71ae9b82537c32dab9c94d0f2d69c504a7593144a94e9f5047d9f739c235a8c7fa26476b919d26c9ec7a38e94753fa485c590f04afa2bcd3e3e599991165d17940d3d9025a70d26304aba5f5fc690ebc735b62a369a98a10e64bf2db158a4a6e6ad3eb2f18cf536c8edf94567669c7760ba02f724e41d48a14e85f6c64b7458536b1891f28e25d4ab669e4afdec848a72cf615c47d603bba8fabf40fedd1c4b2949d7a7c9b2fb6958db16b735e2b6ff0025cbfd91927c641fc2cabca3352a28f0bd407a5b7b6383cc1fb42703d31f8c875d650b700a5542b1448a0d9e4d999692b1ee8b524fd3d573e70555529b1a6d0508a39236ff006911c6cab8ced2790e012389b9647ba2ece78f397c8e766bba16204b6e802b67d15fca02db50524e0479227e4f36faaa9e89d701cc1c4dcb4edea04a33f98f0af60bf9171c4f3b04f6c70857de3beee4cb4f26a3dd1617572557e3f584b8d2ad21581f20a542a937111a4cbabc53f480a49a83783f8fee627ffd0f87229a7e60f8c4b53a0394534f0aa4f84165faaa5d5fda880a49aa4de0f90ab238c6f3930a9759cf670fd3f8fee5afd6527ddc8b881cec44160f39bc3b39528372c5e856a306426aebe89ae83abc9c9e0dad567b8e1f8fb2fa7169d0602860457914ccb238b51c3de212eb46a956fdfc909c6ae5279f4f030959fbc19abedf225a6138d3c4184a860457f1e7d9d2a4dddb0949e73598791534e8aa4c16ddaa98578ed1016da8292703ca290b154a850887251673559bf2f21a5f4574f6c4aabd403d977e3eb49ba5e66f1fdede48b6e8bb41d51439ec2bd87eb16d955758d23c90970d8ae04e07bfcb96994e3f2315df7fd5a2bc6027a0b29f8fc7f1f36071cde7276ec8b2b3c73772b6ede48a1c48524e8319791528a47b47ce022628d3be07c829580a49c418b522728dfe42cffc4c109aa5c1ce6d588f2659a4f3af80356fbadf492444d32762ba8099f951c52ce70db0975a354ab932a1c5bbac698a2c6518f68fa40055935f457e465593939a4f35434c7da56869e4dca0a348b9d6ff00908ce79b1fb84662b2abd49f9c70d9c14e8277efde36f359774ec3f5ea02da753690a14220a1755cab981d7f580b6c8524e047277c552324af57e51f6677288d5f43149b9520ecba2f4ba3ba2c4930b5b870ac38668256eba6d2aa2b17b091d9747dd9fe462adb290759bfcacd1c7377a76ec8e0ce9e39af14f5014cbc2e381d46321300ae5d5811a76880e34a0a41c08e56f11f74dff111448006ce4da9e9719a4de36e9f6c21d6cd50b151d402d3e9aa7c447e64b28f71f918b6cabb53a479cb8d1f485ddb0f49b9ce68d47c7a82a6dd4852158831c277354a520681ce4fcc4044c51b775e83e72d91cd7fe3f5ea19719a32feb181ed80d4d20a9bd15f818e2d59dd138f9bee6d39d687fcba88b6dc4850230221b7e55765cd293ae32738d950db8fb638b728ae8aae3cbe4e4936f5ba7989f9c6525a60be7d26dda5fd8744145e878739b5dca1bf9d30d7f28cba2f625c5c7a8a2ffb1cc9afe83165c48527518acba8b67562234b8d8fdc22930d941d69be38a7907656fe478d7508ed316373e5dc9856ba513ed8b5ba4ee6fe435727bce980942425230037aaf228e0c169b942292fba354ffec4c7dbe7d6b4f4502900707af6a8c64d86d2846a1d4576dfa2410755f012b684c362ea8c62932c38d78c04cba5c7dc3825021d7f74994254a4d94363d1dbdb09710e290e60a06fbe3ecefd46a0af9c718c5bfd9f28e3653c488bd85ff28cc9759ef8e2373d67b898b996d91b691f6bdd0206a6e2aa6cbcad6e1ac59424253a875366ebf9461b526cba95241ce34298519808a0ef84bb61295ba4aee1a346f4dcb1b90ef188dfb6f2ec88e1b30dd9647dca08c7d6319a00ecea9312c8342fae87b2020b685b780c99a7be199645cb79405210da79a9141bd28b68d99ab544abbab1786bc2f8b2194367a70672754a7c859090ac3b7aa922d74136bfbec810e3e798c0a0edfed77e51a6acda6d0a5df85f74597dbb5a94d7ca289e7af34430ce94a6fedd3d52aa88036c674cb03f788989945eda05949f0852f52603879ceaad6fce4d4ba50b48e2d3534bb645ec3c9ed109d2ccbde7fbdbd5021e785be8a6f3162425493ad77f808e31fc8a75034f745662656b317970f7c58693410e21be74352d324b2e362cde2e31699712b4eb49ac641a359976e00681ae12dfa58abb61d5eac232aae7be6d7768ea755e55567040c4c552b12d2a7a27186c3a8ca25775b5683d90c96b14380dc34698b84594e7af5260d80d3290686d5e638d73287f4d2064e96d4a0815d15819608715d222f849dcd2b4ccd7d03776183353a6dcc2afbf46f332e9c5d769094a6e4a450753464c5a7dc365b4ed85393472f30be72950fb29346c8b6228b72b7d6ebe0ad0cb8a40f4b01165b19267d2542825147906cac982a1cd5b77f683175d1c62ad285f41198320c6bd71982abe91c77e49679a2d1efa75392ea5b71684b7416135beb7fc238995c98e93a62dcf4d54ea40853ab68108152a72f8b6aab3248b9b4885c9be9169be691a61d796ab29501ed82a9663307a6b805e9a164f42156dbe39b551568d7d9188dfb54b4a26ca53acc133494aeb7591a4c21c9776d037e417781191994f077f0a2b03d4f9565d5589624a9649a569a22cb6ab874442261b6154e6d55a612add44a935e60f446f38952821bb554575428b2d956b518b4a74b6cfab01cb2e2860a595569175f0853aa09b26d0864855b42179d404d239eb3dd165a9775c7341a43099bfbd034f8753acad2149d4445532cc83b1021d987a946945b691d1a6982ddab6bf4426fbe1096dac8a694b6bba0bfba2f176c8aab408a21219916b9ada6efe984ae5c04bc8c29a46a8b4e9a229a6325b9cdd102e2e2b445b9b2665df5b0809400948d022f022eea8da765da5ab594c712d368fd29a6f3128df39f55fd9080ce63c8172869ed8a3c0f08069675c07f7489437a1ad3f480db280840c00eac4a4da1056968e7802292ad2920e2eba2c811945f1d31f98af8799da75694275a8d228ccc34b3a92a1bed25c550baab29da7c852dc504a13893a202da50520e0479094139cac3a9e0cc32872985a11ba0860e456d2f8aa618c7fe3f746b9406ca5471aea89b39252d4e6627349167644965ea93942e251d1c22a37de96095597959caba8bef84b6fb82b893a2b198e277aa4d0430b42ea8462441c92c1a6f04cc3e842b54071a5a5483e9030129986c926c8bf131696a094eb301b7df4217a8980e3eea5083812718ca30b4ad1ac751e736a49ff0028979b6ee57349f746e5ada5149551d553fbdb129d8af84313524e2b26bb9493af544b80a391765ee4edc61a282471a3dc6371df079cbca1ee84b24e60ba19c92024ec8714915b480232b399ee2b41d1086929a20d2e8a34809879fe826a3b61e9d9ee373a802b4980ccb252d875564d914ba32200e2dab693b69586ed9aac3d9351d74be0cf9716e4c28072a4c25e9c796b435c52102ea44cc9939b78ef07a8f3ab98712d80299c76c352d26952e8aad6989d91b92c1e825befac489c0652c1276ffd422565961d55ba929bc08dcc9850354a057b41c3c618665556efb67e51b940ea70ff009435314cd550fce101a0682eac0ec4ef30b381a7be0bcfd6cd69418987f821249181c6a2fa42e5e6ed2085541b31c22542886d56af4d2a34c706295709b393ae8a6b80a50a12f077bb080de932ff0008a9f4d64c4c5d7592bf6d3a8c6bba4fa53d1029ee87b85adc290acca1e708fb3b294aba58986d4e20294d9b493a8c64e61b0b46a3194665d2163026fa416a613693ee8132e2946fa0539e8d625a558a1a009bb4562cad20a7518480da68935176984a9c17a77acaf460468812f32a52f4dad305b62d509a92a38c651c97694bd65314d1195e0c8b58ecf6429a75369b50a11012914481402036d2425030020bb646508b36b675356cbc2a856305c6ad2dcd0a5e8f31ffc4002c10010001020405030403010100000000000111002131415161718191a1b160c1f0102030d14050e1f170ffda0008010100013f21ff00d71d083156974114968dd821dda64b43521f9637a72173243be15bc1b3f0f4a2a03cd63c0cea558ac4c381f7a8763bc4f1c0d8ed418ed84a87ea17c9a0a0e9a848f816545b31afec9ab9b614af5cad72d0747052375265b8e7a441b259fe0da8b6368c66cc056e05e2e23f81a95c464a0e8ab1d533e1e6b41b46174dbd1e6988f74bc5f76542c0951b65abafe41345d5ac71efbd2523678d064ecf46a3a2eafc633a73231cf93e6e5f9ace4819d43ccf1562a5bf96ae0e3e8c409b631c18f736e54004040647e6492124ab8982da4dbabb3e8b06f25e316ef4d77b1ac6163bcff00c2663b64e9e2999cf8c3fdf4520ff00e94fb5081fe47f005191970699aff623d14d4813d28e3fc188731dfd15b0d3ec6f7a99beb7fb557609ca709fd51743100c8e74e78a8020383dff00162d30905d90a71ac302978aab7c328f729b812c5ffb571ef81fd5468cbe09a0ec782a4f41fbd0045bbd4bf44105979e7454d360c6ec67dbec9a430c14c23a542e8b224ac4df97d2512d63a65da3f0e16bf226cf1f6ed7684952fbf9ff009a56c35d9732dda9c06390f81c2a3993ff000383433e807ca4c002945113da6665da5c2ace243c33a4def866697d55d6045b1cdad5f15c1752a33db2cb97b51960a00c8fc129b2ce2b62b0e73c83f02088dc6aec1f0b9e0aef9419c31e4a98b2da6b9b7edfdfa891a2f58e5e629d67065ab5855293234f1de66dc33f0adf491bee353f9310c7cbea53027093247cacf6a8fa262d9773fbc8a59b673c01d6a4d2aa58c4fbb53ec6893468f6488a7e1632b9daa669e74e6463415930e0ff0027126e85aa7bb7d171de88fa07ee7e9fddc8a4fb43cb516904d82a5a70e4f89a5f27e15bf753861b8d634efddc69839141ad298dea3a35b95bd5bc56f15b856e1526bf6ad2ec611483a2367ab5c2bec0f15f2add6bc74de68e987f9433dab2ec903d087df3808c265ae86ac50ae2dc2fc4ff00751541066816a73026cb4f16ae50e432e6c54171309f2a28df86eacd211ca064f4967bd3fb560fbbdaa74de87c31fc22307ebaea2b6081d08c55254e23ca7b7251a36a67a9bfdba3d885ce0e254b935d6f8766a5ec99591767d9fba17e8899f1351f67dcea71fee62af8da8e7c682003211f6e8b8971e0712af52f1030e4fd52c3fc989bd2f2b8114ba593049fbedf82762acd63acb4d5a2110974ec687e17e988b6bf3d4acba00ba1aaccdb128271ca2cfdb2c113d98d9f98d162382dab83e80900e5dafed87e151219ce675032701729fbd4b671fc5232f0735a95762124603534d945d8121f60de2c8c1285df1bddf7f8c68940a0667f7e9a6fc24e8573a510e53daac2a16ff8b5aa8cd6a6f532c332609e6d4a0b4581827d938927ded4e9e29e54cce6b0e9fafefee2c3bcff005f8586cc39e5e896df91bffdfa0c3251f17e28bbf881935308c7d57cdf31fb5cc6e5def747f7fe3132ff00b1570f30e0fe1f14b6d1f1f96a8e42936d9faa9aa86cff000aa7b0ccc8f630e946d8c13667cf1fb1ed943baf72b0cb439ff7d1912de55cee54ebbd06d976f1f87bce09b94012f36c9e4da8cf1c87d8298346b50b32a1a35bd5bc7d64209a81abe3146e977ccf3f66b7f443fca9fd9667c36feff5c04c857da5c9fc3312635373c418ad4a8373b0ee9a50a466662e89f6e5b36dd34c93b7da16742cca103440bc7f53400306ff005b231ec055e2fefe8934d2ebeae6f62a3350588cbf0a5b958e38a8cc9d82e1a264ad04097cf973fb05a840246b012e3223c1c282d938fb6c7e3947180a72398051f17d3fea7a54562444ecfb7a032a8ef0162707cd4560731d1dff0009f15262a827365db88a7489e13d971a5e83cc8e8e1f60c71c6cb81a8bbdc526ea5092a2a1a42dea5fb560f3a58f2328470b687d5cd450cdca24de934639d3c3d0014a5854a1d4e835e0ce8fc9ce63f168d5b4166a71eb9e1a6597959f86d4defc4bb5a7dcda45f7adcbc1b1c8a89b2d006dddaf399f0abd3cba860ae171d5a9997ec14c28e7c6b659d19acb8271cae9874f404b8ef063ac525504e007935280c0cfe30a6d4bcaf4a9121bd2acb355b19a1148d6514a51f790049e586872543b85b67d0133eae39ba8eb566e4cfcfe18d5c8131bbbfc9decc6991a4c991372160727cfa0439e40e46915f537828d1da3e38fe4bc1d61358c787a0ef30dd0bfb3dcef58056c9227ced4323d56cfee84fe309f4212643e2e8a9ca8a1b96cc3951bd57b793354300ff233a118d033b508e0fe46825304eee7d8a800e48872c1c959505ba1c33fa2c0ae053e049941a3627056cb9775797a143b1503cdf9a70a5edd88c9537ad7ff00a94183f2bdca85e060e98d4348b9a1d0d48cda28de5712b7ab70a9352a4d68a9da2ef4a9dd06c2e2a9906e3b9e428538e07007d0f3301f51fba5e5e593a73bd006a9887dbb531273396f7a0e257863d0b106f16e90bd16ac5435d872bf52afdee0fc148c6ca34acf8d6fb894bea7100034655f049dacace84ceeef42da076f20ac80e029542b95bfaaea2c8bc158d7338bcab5c4204ff94a1f25430a140180407a34acbf7628322a33e4ee77a4222250611cca91b110089b3841f485c962ca5bb1dfa7d5e037717819d1fb8a678c7d8aec088f491a0cfc27fa9470f4248036fda802bb3027f7e283981f0823e9758d9d1615dccef52f4c500b3b9607569e78197868e39614004163d279e849e2abecacba8793e3a3ddf5e004ada91c28e94e2291e2ae522c85933deac6da73afdcfa4b7314a29d8537fdd4e2714193adda83f168e35042e93b163c3d7eab244c4c3dd1dea0aae0c70739ab80e4651b7c69e909b18ff9661cea5656171f0deb354c947caba6513dd682ea64f6ac4cb973577a0a26d435870ac4a0ad637cb9d6dd988a168473c6b7f8a95bf715a9a1e6c0a811c657e1bf3f475b8867ff0051bd652085c1c717b153c9914e4b821a8c183445731d8d23f6b51ef2f1fbd22ec2842f0a746ea08d6218ce04b1a2a34423974ad7e153c238f0a9e55624ff00df8fa61ec3e7ad1f7001a07a3579ff003ea7628ed6164f23429acb1cae1f3daac3dc33523359afc2b1ceac695b1396fc28be2770575364ac4fe07c0767e901e5f006964f159e867c47bd4a353f9a3ea71d1d9793e8e5dda9c625936282236f63d285599175ddfd54e5b07e3876a4aba0363bc7cd28d006c621f2f34758fbb89f6a5e30a7223e71a10a390b84ec5131999449c47635ff004a86492e7d2c06002d2605280068b63f7505713b63209db850e54faa3672e7e8f611c578508973a2f38203c5477104e03a8058173adf38d11133b15317291715e0e7341cbdc19b52c12b2985d8fdd27ce32bde9a50fcd9531029d58bc27bd48292b2074accc6cfdeb2d42771d266a5ead114a1363bc47a39aaa63286b7a3dfa557061c6c542b4569e72b036523ea857eef7bf4291df72510d73691350b0bbfd66d0b0e30306b690cabd072a991d080e397769c31e5cbe59f3ac04203014a4a9dca01000dbd22e14311ab5d8d6f0fa0dbf048b754e959b122895275295862d6b1b772b237d1dead9891c07a6267b64920c431d69dcd8a70037686baf74707665c71fe1ec3300ef5bf2727ea6e79467d83be6596a1add95c8fd836c963ac63e8f6911852455f781a1910f42f4f9bca2873d9a014c64b96d6edef53856b1bc7b674a94227d1c1884d89a7954b3487778a865cb3b1322a66725a1b3dea494924ca9908315a211ad98b7ed47ea11827d1e02c1b7e95782b128a7641c80643838d3314c5602922dde1c74e75fa39c035a00b5697d0e932818dad89a975e7a540408944e16e14f8fd6841b12725932d46f4498351b4bced150c81a4d90ef5094821d603e5a9141489c25683bfcb2348a1f4861c0719f34b912eb85daa79ca72736f4d2418c62d5ba95035c9de8829b8c0c4575c4a820b42164b86b6a6e31b20dce77eb434e0332044f6e94e2ab5912dcff76a979425005f1e74b49845d5749f43a51b4e0974eb85327f92ad400c73ab95b3239be6a63c4b4202cc7aaa2315848122736f56ac8fb85e885457ecb0c2d0715dacd1c5e0d9526a439b102985f1c22572a75b9374ff00945cacda57f0a3e560065342ad6ca0a03125352be61c72633b547c0fa45042272bf66994c3b66ee14e3e0972447dbad238be838a4a81d83f63da9d4b33783dcfa1a79eb8211a60a7ac0764589971abc6109795a9df0575a9e3333bbad0db8043ca9c2a72adcc95a8d26482e4894181deadf86cc294bd08adb91125094408c1aa9fdba0c49a3f41f28a9c55049420c2533a9ab5d4155b73fead00000168a525bfd5776504c9239947302d01564ca8a0283122a85d178f46c48fc0a9c29640c7683f83ffda000c03010002000300000010f3cf3cf3cf3cf3cf3cf3cf3cf3cf3cf3cf3cf3cf3cf3cf3cf3cf3cf3cf3cf3cf3cf3cf3cf3cf3cf3cf3cf3cf3cf3cf3857f110f3cf3cf3cf3cf3cf3cf3cf3cf3cf3cf3cf3cf3cf3cf3cf3cf3cf3cf3cf3ccf00c30c15fcf3cf3cf3cf3cf3cf3cf3cf3cf3cf3cf3cf3cf3cf3cf3cf3cf3cf3cf3d2430c30c30e8f3cf3cf3cf3cf3cf3cf3cf3cf3cf3cf3cf3cf3cf3cf3cf3cf3cf3cf2e0c30c30c30c073cf3cf3cf3cf3cf3cf3cf3cf3cf3cf3cf3cf3cf3cf3cf3cf3cf3cf390c30c10c30c3db6f30f3cf3cf3cf3cf3cf3cf3cf3cf3cf3cf3cf3cf3cf3cf3cf3cf12bc3e440c30d253ff006c8d2f3cf3cf3cf3cf3cf3cf3cf3cf3cf3cf3cf3cf3cf3cf3cf3cf640c30c30dff00ff00ff00ff00fcaf4f3cf3cf3cf3cf3cf3cf3cf3cf3cf3cf3cf3cf3cf3cbc68ded5e73ee3dd407ff00efff00dfd3cf3cf3cf3cf3cf3cf3cf3cf3cf3cf3cf3cf3cf3cf1cf3c60ef3cf325bfff00fbd1d7fab4f3cf3cf3cf3cf3cf3cf3cf3cf3cf3cf3cf3cf3cf3cf3ce3cf3cf113fefff00fec07ffd7f3cf3cf3cf3cf3cf3cf3cf3cf3cf3cf3cf3cf3cf3cf3cb95f3cf094dcff002f34ab6fe2f3cf3cf3cf3cf3cf3cf3cf3cf3cf3cf3cf3cf3cf3cf3cf11f3cf2da36f3cfae71fda4f3cf3cf3cf3cf3cf3cf3cf3cf3cf3cf3cf3cf3cf3cf3cf2fc3cf3cb4e2b4b5687df4ff3cf3cf3cf3cf3cf3cf3cf3cf3cf3cf3cf3cf3cf3cf3cf3cef1f3cf3cb7e32c7bcf3c63cf3cf3cf3cf3cf3cf3cf3cf3cf3cf3cf3cf3cf3cf3cf3cf0dd72f3cf3cf3cf3cf3cbfcf3cf3cf3cf3cf3cf3cf3cf3cf3cf3cf3cf3cf3cf3cf3cf3cf33ed2cb4e7aeed76bc3cf3cf3cf3cf3cf3cf3cf3cf3cf3cf3cf3cf3cf3cf3cf3cf3cf36c1b7a5d9fb3cf3cf3cf3cf3cf3cf3cf3cf3cf3cf3cf3cf3cf3cf3cf3cf3cf3cf3cf3472ae85f3cf3cf3cf3cf3cf3cf3cf3cf3cf3cf3cf3cf3cf3cf3cf3cf3cf3cf3ce3e0eb6244bcf3cf3cf3cf3cf3cf3cf3cf3cf3cf3cf3cf3cf3cf3cf3cf3cf3cf3cf3acb396962113cf3cf3cf3cf3cf3cf3cf3cf3cf3cf3cf3cf3cf3cf3cf3cf3cf3cf3cf2fba73c9c9ba9cf3cf3cf3cf3cf3cf3cf3cf3cf3cf3cf3cf3cf3cf3cf3cf3cf3cf3cf3cf2c50604f33cf3cf3cf3cf3cf3cf3cf3cf3cf3cf3cf3cf3cf3cf3cf3cf3cf3cf3cf3cf3cf3ef3cf3cf3cf3cf3852cd207fad7cd30f3cf3cf3cf3cf3cf3cf3cf3cf3cf3cf3cf3cf3cf3cf3cf3cf3cf3ca14214720990120b3cf3cf3cf3cf3cf3cf3cf3cf3cf3cf3cf3cf3cf3cf3cf3cf3cf3c31c31c7bdbecb1cb3cffc4002b110100020102040504020300000000000001001121314110205051618191b1f03071a1d1c1e14060f1ffda0008010301013f10ff0040d3486ea44b49a7ba4bb44d2b5e441c33f49d1d1510a873d8e8d5f7edf405974992a60b7cab4a2250ad474335bb58aede278fc7824c451c1c8b45ca03855cd648865c4543a07fc1d42e1a6fa67e7acb0d9bf1d9fa84d08f9647f9c60946ff0069e798ab7c8dbce08a2ee7c334dbdbb4037c053bca778f6b1754b5a2dfc436c7da1de7e223a37f781ba69e896a81544f2df4e463fbcfda071721b5162b2f64112ce17f69e80a93c4e577b67b4ad111a791014c6ded5a70365129a7a0001df931e606494b406a40d51ec6304b6889012133ea70b1e8157e2e41a6e066d1dff71687d8785aa02f4df9a705b5263346222619417a00aac859b53906b49502e39171d9fe195c53d9eb2e06fde562d5f8c70307ab294cbbbde06a8d6e55d06f066034e39429a4b6f00c87016e4cf1a3d0451b253ee7ee20d967d326dd9e8780e35ede91c5b4ee70695c2a657071306bc63796cf18d78ca0f628e864b244dcfe4de0c0bdf733f3ca3ae2ff0094ae85e702acded444ff00426ba7af48b00a375f3d65c3b1825b9ba4c050d6dfea2ab6f48d6866b8579c727345f3e0bb0377b4209bbcbd1dc7406f2860177d2cfdfac0d8acd8f95002945d0c579ebaeba44061e2b28519dc33e5bf9ca2d889a1f0f6e8e51e8fcc032f2f78ad5bbb7b3fada62a88e9be7bf688ff0070bcbf3b7846a94ee7f5995ab53180140064bf16556a74804ad51396af188c34a6cbd61d7a9dbb7dfc62b6ff005d312ad5c5bfac9d8972e5bd30e3c71d3081af877adabca5732160db379986cb1e98b3691041975803265e6fffc4002a11010001020404070101010100000000000111002131415161507181911020a1b1c1d1f0e13040f1ffda0008010201013f10e3eb156b66ed7fe50b07e9f74d421dbeeb03df7edc27335919b4d5f1a0c3fbe4452a1a491b93f7f7df83a9c12f4ffa7b1e7792b9872d3a7b72e0ce4337a1fd8ff07c84d0cdf82ce7afe3c62a00eb9d461fa7ca18a307b56003bd6033c99e071c0175e46f42636b8e70e53cc8ebe10001084a01128ca9ede488d551860be99780a325636a6f7f7ac086e61db1f7abaa1c0317beabfadf534e08bc60a26f8ff29b0e0c8e23a7d7fa59d9a81f807ebfee26a50b1be5eb58c6b2983ab8bd293c5d216f8a818c5dbe2e56b5f296a1d23a27dd1a056d9e310f9550332c357915665dcbe0fba52815bc727e19f72993f9589ccc7c5444e4fc3f7c0520002c24e147321a8bed31e9e434a51875d4ec148cb2bfa3c86d61a54107132e4dff006f489084f069ed0dcfe70061b3f61f2cf5b2bc931ef4db146c96f218784a525a0d4d7f7d786296508e137ffbd0486997cd1d32f4f21304da1a8fd538a7e40eff00b92f2a9f2d271b5186140c0d1b3867b94a378727c392edd9fae00c00c2df07e3b79114942f9ccbdcd1fdbd5db6c7b87ef9f046c5b6c688923c5313932e77347c301a6a101d060a3654d4da267b9fce0088e46cd4daec07e1dfdfc88a4abfe2af7eaff33f357a07661ea3f741908cd888ce724d6962c4b426f12969c295936ec3ab2bda8c280080300d2949545ac963a6cf017a12a9873cd367ef07d3ca2c140c69044bbd257227c8f3996ee64fc74e0205091a55b4f67472e54e5c27f9c2f827df036e04bac10d076fcd5dc4792f473fd7ac6d0d713b94e45279545954358c09ae0776d4b0b2d187573fd8d75b50f7307df7ab38f433dbfb4894845f8184045ed676727ad3d486890fcfad4dc95fd33c7bf4a5771c43dea7561a91d0ceb58757eeaf80e87089c81226ff00c8d2b591bbd7f4543590e3520056c87f7d1a22181c23010ac213c8fba6cda417d3c033ee4db3a36402c7cfedf838e635caae4d65a0cc26d793b54c53066efebffb4ab2286374f230c30c68927203e0a6529d06dd72e85384bd108673efc1d384bbe1494858d3eaadb02315a130c75c1a132482fb2d0463bfb5063bb0421d7a626b570cb49f6c7cd0230934d69a4f295b31a07ceb575169c211de31e5a5052b19bd14bcc0c4c6f52820cd9bcb6d1de818ea67df8608529da822c7fb4a226b16a870a67a8496d832fc470cc23376930ccf5a95086f39d82db55e52375f14d7860282c50e690c36a5436cc3cdffc4002c1001000103030303030501010100000000011100213141516171819160a1b110203050c1d1f0f140e170ffda0008010100013f10ff00eb85fae4600e56ad4ea5553b58877693516e77bbed44baee49a0610e5b2f6511c601fe023cd70f0e07595bd296b7b672d82eb805a60f595aff00b253d2a78aa0c5fd30682876445d897de80111ab6f92a10c757f6a6c2ceb23cc2a7c7ead0ed56b1f880e0685ea946fc58b1f7020eb33bd349aeffc79e4939f48934cea9c2cd750ddd6089ba19031b1f759cc39a843120cee9bbf1c7e0c5d2dfa9c3c97a8d31083e0dcafeca83d2cf845a47b585c436f478d8cc0e7896d64b34cba4dfd6c9217b9a9796c3bb7fc865fb80e9b36f63a22c3cb6fcecfb1dc3719f461a778ec85a7812b8235a6173050c97f80bea47e5ca949b2e80e893bf45d08f1b0981b16754d3d19793115711e50f4ca8108100401b1f981008422489b34a4a8265b1ee163f93d17189265d4a8778140fb92011f24bdff00e0957ce0cc3ff47515157e439526bcb0777a293546cda97ca80f027d433ef3ff000088545d421f669f12ae74b8f75e8a958918e10a1083031ff062f51fe0778b7efe8a5190543602ac2d63e4fb425297718ac5d5d05de2d312a93893245534cd1543306b8cb6e18da8441111b89afe0cd5eafe6ee110ee94abb3251e54f8a80a97481f34aca73465f3425a8c37c4545a0d9013ccbda90b435c53b4907b3446c6444384b7a0e370656d1a9f6054574e240499c404a13c91641b15b62e2818b7d7ae282c1b950285c5a0e96ab9f1a3708a0b59046f9a33494a66b92245e1f80208b6065abca0f64baa1780f7fb5139d93b766814af58cec5ddca28e593a74dd77a314884493a4ae8869bc2bb4d7697de9e28008c8dc7d008848e8112ad0ebfc6e963a848c098ddab55ab0db0236b126d3425c88871aeb8d9d4eff562382d66409a236bd9831aa64cb12a9d241f34bc06414b818baadf6288980e80080380fc01a105f4393a0b3dabcd598013de27f00300211244e4a2b2f2106f91da1e68229bd51c81f9d472d2b64607e267683b4d0ce3f5e29ec67681d2214d50d289480cc40b49a1ceacf2d151c20968673ee5f256a5548412947d86746e39b68be721abbf67f29f9009b472ce2b7721eb4dfcb0bc0d74e3ff002ca83c102f534d2eb8745fd7251c85d9fdd23b4d373c72d333e47b14316a2449d704a4ada8cc3c983955cbcb4c73ba627c83cd2dc7a1ac96194a4e067ade9f3398cc809ecfe33f3037489e5cf0ec972a66657756418dc92da9ad67c3138872aebaaee69263f5a536488d61f0caf629a10a8b0022574b1485ad80b1788bf6db9a26ff0072d5ba6c754b42aec187ad2d8ec15894106e56b8b06f40bd58a43503b131daac501cd0f90a1f51dab8ff0046ff004abfdaa93f9a84c07bd07d983c5b1f76d42d731749ec0f69a6a5f6496ce27bd08287601f6ade84d89fb1a06b89513b137b51992b23376814d0c8261b9cfdcf29296d2f6fab06748724b491347c1fd2f67f592b439dc3c0d589788968bcbb8b7c4bcb31a142a0a886eaff00e2a464ec8b0762f7a944c97c7c893a05590e135b324f2985d18b23f5f91db95263948e9439689b11d5c0f15ac39fc1920ef4b3064dca1104646a09afddb397742c738a5005608765f683d4a3450894feb37ba9be59ebf65b6342f06fb0d20bb5888d9303d0ea357fca068f0910f41d97ee449d0720bd9d1136f7662909b6507c3a9a97de3f5819131485500905d5e35ac0d7080ec547d9198262c731c761a3028650cb839f3dd51c3191784005c942035a302861597714f6a87169955d82df07e002d6c125a1a0dfa09899b3c4ee0eff00eabaec7e03670c34760fb4dcd1294ceb21c5c8c7aaec61b9a3d40fee9a7dae631ab596c5b964c4bb584643036b0f21dcd3d00d9306c2514f37fc110a46322c1d84bda92dd8ce4a01dc2bdaa04d6639fc4062ecada77d13df0c95c5e08d54f8ed3aba435f20ce009a236470fd8deee0ca8847a948cc04cd999e5be36a0727a122122708febecdefb900fc287942d76b53de9f50c3b6e41f71a1508c2506d8c9f8a200e418b86d07fe36690108c59760b418e04d06873c51951223b27d811a2485c07be3c8a9d9104af261dc2747f5f291435bc91431f820d84632db07504ef57e69637567da4773e8c490946c636fe2bdbaa4d2c3e04e8e42a12b073072ed91cfd8ed353be0330461f687b7ebe5fccbb604f8555d927b809ecfe0129323353787216939361c94063386ab50d11b27d0b36ab6086fad6340ecdbf0a1627d8821675509d9d9588b01682d1b08ee4d3ec1a9542708f8f053232e7c013e7f5ec6f111fdb0acd44464177e51ddf8124470d46944299344d1325482818db01360e1ec746a61ce3b27ecee64fb3281d1a0e87a95a25e8d1aa142ea3a94263cd423867e805986c0a13c348b97a71eea91f620c2651d93fb9a6bb056e897bfebc6bb28d27474b0e06bafe0d987bd4a42d034c9a3ece1a6ea97b90f7348c9f24346d6d961e027d9d17ed983100f0cc1c88ba4fd829862b08fbde8b81f6a28e9835323e03b560470746e7d5c42487ccf65acf461a70283f5f2609e4b116ba0b734048420701dc887939fc37437d4a386b0491e784d12e528910f2d30bb3d4d68b9da034370b3e2ce74a2f8ebf5885d8c1d91b3536dba780e4bf52dd714e2cb819a66da9c9de3ed21d38c661f9c8f8a22417de00fdaacf8d8fd014263faa87bc55f3aff009c3f1fa033866868be3c6328e92e2ae95427aa0d0367f0dd31ba90b2366930ae1bc3c6f521eb525311220794e1b70d0f85d002f95de1e284412e371dfeb35d77f2461fd874e4b54ca36365a4baea688f1401130893ef49cbf298f9a13b7e75fc8407496863c06924cc57331375beebf4803a8d68c8a34dc32d2c164e800ec2a1104c3fafa8416b83f08c23a20d598d90e18e84f035384407a77a40ff0071a7e1412124a06ee1d9a401a1089226d4d5e1a226f2ade2295e24711e23ba8398599ff0a3d9a3cebff922a69b5e0e4de657ba15aa5e36065242ca316bc18a9965b57f282b66ba0f9ac324127c88c76a50c47bbf63b291a7448941fecc49c86ed23346aec2c9e6c5c4b7f4070168530fa27b9236693c1c8d85fc0b7f8b52695159e384d46e7e3d225c51323d94e7848929c2899564f8ae38333e0a5ec21bd000d0115a0474a132cbd6b18fbb4931b4997891eb3b15d3c00c4c3c984dcf40037b176d0e987be1929a21c529c2e613cf0a2d00182db0f84b3f9a0d8f1f8e32c6e7a57ed31da69254f92f942fa076dab303fbae4a5c92b1b909fb4b191cd1b3bc2186e173e1b6ce942248c9ff004600e056242f6df41ad761d8a9c2f537293c230a09afee31b15868660769a3926b58879a2e49ff002b0f363cc463f7f42401f849a1861d470d671ccc02d8eea49877c940fd58c2ee121eb3d6bbc6b36c4dbb1696803d6cd2f553083dff001ffb4210a78c79e0efe72851184a1af5b91b2939a2e4ba54164961c9de3e80800255600e6ade5a430f134422e4881099e14836f428432c5e3a4074253bb79563b40add9f9a59857bacf1fc8f4a02068c60f8fc539858bf9d40f7a07405f021a30c285987b51ff95a1b30ed437f2a1bf9abfdca1301e8d21875e10ba64f8a600ec287f81de29007609d1fb44c5b2d1b6c113b00160fa232045b262064360950286c71b6d4f6a860afcb07f76a2a02ef72304f6a5859832eeb95e5bfa16190b862ed1e261b5046d25a058bec6e51ae4247711789ab0e8892bb2a4f81a065a481dd962529ae2cc6280d0925b0dac93672e69950a82c0c19c15deed412a0f91b254b0df24fec52cd1737bc2ab2cf16ee4207bd70034e1dbd82a1d6f960f136fb346485d8a5e985dc686d4c1e4e02c7a341d04927634f78a605f884245049b16e539a30873a8c4b82f4a77f8a14942600862f5a501000c24107549facdf52d295db22e0a398706982051752da2ea68a5c1fb0fc2a3d22e15303971478f634769130e402d0d82e527ca750ac0bc5b23caa2fcdf600f63e99205c0998826c10e92de810eb2626bcff0014ecad89637240f0d388238c2dcb2498b2cb8e848002002c7a4cc96581c1f00a9abd77e2af69ca924a7fb1a1f576d229b20822e6056b4ce4a994b9348b4324e6528ba6c8764ec358b756853059867f783d24f043403cb5c31a3b4b4a3d60008710ef53da08fb07ba51c68ecccd1fb9f434221c184521037bb2c07551b2502226bb87358a4f7ac4778767e905b2939cd9f902afe657c819701126aa9677284742f9344eb3946bcaf8a0939bc878a409b4a57724ddab003d5e228e50f341d9a96620c0bb7017d682abff00380d2dacba5c08d16e6e6fa508d252c6b90ec41da8e7c0c96ffdc4a94dde64641dc9f472018b317931ee2dd5b52768a2cce844741f0566244f2ea6c059bdecd12bc7542050110dce953a15da8b90cc09bf6709e0969a34cd06d1771ea14009598a70017de930434a6013350258a2280901de411d0a0d4010aaf792bf677a6a9d02f0eae96580b0b1c52088ba342427b5dda8d280b8000780f469d0cf0c452f1577b1699a0deca01b9716c18de3105a82b9ecb326aeb0a4eb0a421c113210b96c9bd315981c52d86e25db34e04a84b2eab2a344734d7d8ad504d222046ccc4d1108134d2897790ed4ea1071768c0a35eef0b78eea0a354ca701cf641cd015a10615b868383bafd5164a480167aac474a3d1b7e74793a060a09b5a6f5709b49b9be4f0d14584ad46c441460d4b7a1acb2d824b149b46084b0692eee0c356a67170cce642d71351966f4132ec598a20cac8f14b6f88a20ba8587b505be0b5c2d890f3492c2201002808112492a56a14c9b85fe83217d24f8934355d8687be9823ef12b819d444e629214822cb2b5236482bad5ef1458daac49da1b0be8f88a8102f5664c71262a26dcce00b04a00a8b54e9958042e93817251b104166cb7ac8c48cc342804482140f88a027cb081116504082a69a18665c4a2eec4a52fc38037cbdcc75a9c1f679a80961dc85aaca7daa46934325e2f9b2a7d2f02109544698e69863602fecac4c197714483869239bb81d23641ede8ec63d53ae1b3576cb2168f5a34f00810e0c08b7bc4710132e38b4c96e185b350c3f1589167f4334e73110e4aa9b51b93b523b3bd1e486409b905a7708ff00062f31e44c4dc62af7fd169068de188cd59fd0283104a92cd2e6d487fdc4cdb13f713828a9c41a4d80b15ca0c16b821423d22a4f0568c5d497bd1716f8fe1c7d1e51081aac170b28fca24a40d61aae12e74b5137e8b04309c13af382f59551d78a6a79f19a331501ff00d1ce5f4c48fd526ca15e04976a0b7cc093a925e8214ed0af0de527b93c8c7fc6e8c98678ea82bfc46358cfd612c5e16e18931889dd0d7ecb5550c0b676c9e6a0f9e09f84fb2e802b98a7c0f47a83611656e1b54faba73030cc97483696ce2a47dc9cc1e70bea58bc9452b627aec56381add913357fa99c110a6a57d917bad1d4abd998d7e877daa4dce3de8be3de10859b097b877285566d20b37ee801a5d962ae410497960b4165b50e5421657071f0d080894401bad62d845048437c31480c818d9189187e860e664e3ba250e5228b17201433736d76a5fda244415d72cb0b9a8362c2cc6095b1743bd428f740386130e6151d0d3604da4b65ed349b5d1301323a8f0dfd0cd20299ceb0fe68d3afd95f7f042786d405f2402b46199221a2cda3050e99906005b2ac9b88df156012ad1324c4253e296fab3c22827803daa4f81f61197a49d3070c4c166e52d3c157688e229625d6ed69f66b4021ac4d9cd2b6c83c0b1a0636c53b20f35a50564b51daf309ea2dda15436184b1785152d34c6a83e8200c66d62a324b3a923017807716818808432c9eeaee153ead6a564ee62f75655654fcc008f2b0b72f453388818c5d9bc40c12a1149ee21366310e57b3d0cb50c6ec369195b016a13d1ca996622ebb1d35a1919f2e12227734ebe2940cf29b0424bb51c009900002c8e89c734324c2e8c77462f2a4b822a27251d42690539e42039092f05155924d41ea22fde92c1a5d678076d6b13c1bbe144025c6f5820acb1303f25440a0c27300a1302dd2c54f70e0800189608ba5cbd02cec050024140ac9ad619f30340094419f82a3592e04e1a8ce31bdf14a5ea15e517a8ae829022bc575fd8146500b5d40f95d37036010df2f8f432a3490fa56b920e66a47440f195b432c45991e2ae2512990d7321c10540c64b78221fc62c6c51f0e4498180971bb719bd298293cb7959725e8b62c6185c69927f664a121fd6700003396336a769fe9602116094ed4f93808163166a2f5fc04510e79ab4728b69a7909a0000202af29ec86e38e28fb38126501089852e33ad11d80b302f0000010157a1b2b6b754bf7a2e6100401b46d5b68b597a66ff8c525384e026925ce131451c885808038828757d94656c755a2b722ba109d855f46e78bf212f223a2208f141b14b113210092cb13d97fe1ffd9);
/*!40000 ALTER TABLE `productos` ENABLE KEYS */;

-- Volcando estructura para tabla proyectopro.roles
CREATE TABLE IF NOT EXISTS `roles` (
  `id` bigint(20) unsigned NOT NULL AUTO_INCREMENT,
  `name` varchar(255) COLLATE utf8mb4_unicode_ci NOT NULL,
  `guard_name` varchar(255) COLLATE utf8mb4_unicode_ci NOT NULL,
  `created_at` timestamp NULL DEFAULT NULL,
  `updated_at` timestamp NULL DEFAULT NULL,
  PRIMARY KEY (`id`),
  UNIQUE KEY `roles_name_guard_name_unique` (`name`,`guard_name`)
) ENGINE=InnoDB AUTO_INCREMENT=3 DEFAULT CHARSET=utf8mb4 COLLATE=utf8mb4_unicode_ci;

-- Volcando datos para la tabla proyectopro.roles: ~2 rows (aproximadamente)
/*!40000 ALTER TABLE `roles` DISABLE KEYS */;
INSERT INTO `roles` (`id`, `name`, `guard_name`, `created_at`, `updated_at`) VALUES
	(1, 'cliente', 'web', '2022-04-06 12:53:45', '2022-04-06 12:53:45'),
	(2, 'dios', 'web', '2022-04-06 13:33:18', '2022-04-06 13:33:18');
/*!40000 ALTER TABLE `roles` ENABLE KEYS */;

-- Volcando estructura para tabla proyectopro.role_has_permissions
CREATE TABLE IF NOT EXISTS `role_has_permissions` (
  `permission_id` bigint(20) unsigned NOT NULL,
  `role_id` bigint(20) unsigned NOT NULL,
  PRIMARY KEY (`permission_id`,`role_id`),
  KEY `role_has_permissions_role_id_foreign` (`role_id`),
  CONSTRAINT `role_has_permissions_permission_id_foreign` FOREIGN KEY (`permission_id`) REFERENCES `permissions` (`id`) ON DELETE CASCADE,
  CONSTRAINT `role_has_permissions_role_id_foreign` FOREIGN KEY (`role_id`) REFERENCES `roles` (`id`) ON DELETE CASCADE
) ENGINE=InnoDB DEFAULT CHARSET=utf8mb4 COLLATE=utf8mb4_unicode_ci;

-- Volcando datos para la tabla proyectopro.role_has_permissions: ~0 rows (aproximadamente)
/*!40000 ALTER TABLE `role_has_permissions` DISABLE KEYS */;
/*!40000 ALTER TABLE `role_has_permissions` ENABLE KEYS */;

-- Volcando estructura para tabla proyectopro.sugerencias
CREATE TABLE IF NOT EXISTS `sugerencias` (
  `id` int(11) NOT NULL AUTO_INCREMENT,
  `id_user` int(11) NOT NULL,
  `asunto` varchar(50) COLLATE utf8mb4_unicode_ci DEFAULT NULL,
  `descripcion` varchar(500) COLLATE utf8mb4_unicode_ci DEFAULT NULL,
  `created_at` date DEFAULT NULL,
  `updated_at` date DEFAULT NULL,
  PRIMARY KEY (`id`),
  KEY `id_user` (`id_user`),
  CONSTRAINT `FK1id_user.id` FOREIGN KEY (`id_user`) REFERENCES `users` (`id`) ON DELETE NO ACTION ON UPDATE NO ACTION
) ENGINE=InnoDB AUTO_INCREMENT=10 DEFAULT CHARSET=utf8mb4 COLLATE=utf8mb4_unicode_ci;

-- Volcando datos para la tabla proyectopro.sugerencias: ~9 rows (aproximadamente)
/*!40000 ALTER TABLE `sugerencias` DISABLE KEYS */;
INSERT INTO `sugerencias` (`id`, `id_user`, `asunto`, `descripcion`, `created_at`, `updated_at`) VALUES
	(1, 7, 'mas o menos', 'esto es la repera', '2022-04-21', '2022-04-21'),
	(2, 7, 'asunto', 'descripcionWWWWWWWWWWWWWWWWWWWWWWWWWWWWWWWWWWWWWWWWWWWWWWWWWWWWWWWWWWWWWWWWWWWWWWWWWWWWWWWWWWWWWWWWWWWWWWWWWWWWWWWWWWWWWWWWWWWWWWWWWWWWWWWWWWWWWWWWWWWWWWWWWWWWWWWWWWWWWWWWWWWWWWWWWWWWWWWWWWWWWWWWWWWWWWWWWWWWWWWWWWWWWWWWWWWWWWWWWWWWWWWWWWWWWWWWWWWWWWWWWWWWWWWWWWWWWWWWWWWWWWWWWWWWWWWWWWWWWWWWWWWWWWWWWWWWWWWWWWWWWWWWWWWWWWWWWWWWWWWWWWWWWWWWWWWWWWWWWWWWWWWWWWWWWWWWWWWWWWWWWWWWWWWWWWWWWW', '2022-04-21', '2022-04-21'),
	(3, 7, 'asunto', 'descripcionWWWWWWWWWWWWWWWWWWWWWWWWWWWWWWWWWWWWWWWWWWWWWWWWWWWWWWWWWWWWWWWWWWWWWWWWWWWWWWWWWWWWWWWWWWWWWWWWWWWWWWWWWWWWWWWWWWWWWWWWWWWWWWWWWWWWWWWWWWWWWWWWWWWWWWWWWWWWWWWWWWWWWWWWWWWWWWWWWWWWWWWWWWWWWWWWWWWWWWWWWWWWWWWWWWWWWWWWWWWWWWWWWWWWWWWWWWWWWWWWWWWWWWWWWWWWWWWWWWWWWWWWWWWWWWWWWWWWWWWWWWWWWWWWWWWWWWWWWWWWWWWWWWWWWWWWWWWWWWWWWWWWWWWWWWWWWWWWWWWWWWWWWWWWWWWWWWWWWWWWWWWWWWWWWWWWWW', '2022-04-21', '2022-04-21'),
	(4, 7, 'asunto', 'descripcionWWWWWWWWWWWWWWWWWWWWWWWWWWWWWWWWWWWWWWWWWWWWWWWWWWWWWWWWWWWWWWWWWWWWWWWWWWWWWWWWWWWWWWWWWWWWWWWWWWWWWWWWWWWWWWWWWWWWWWWWWWWWWWWWWWWWWWWWWWWWWWWWWWWWWWWWWWWWWWWWWWWWWWWWWWWWWWWWWWWWWWWWWWWWWWWWWWWWWWWWWWWWWWWWWWWWWWWWWWWWWWWWWWWWWWWWWWWWWWWWWWWWWWWWWWWWWWWWWWWWWWWWWWWWWWWWWWWWWWWWWWWWWWWWWWWWWWWWWWWWWWWWWWWWWWWWWWWWWWWWWWWWWWWWWWWWWWWWWWWWWWWWWWWWWWWWWWWWWWWWWWWWWWWWWWWWWW', '2022-04-21', '2022-04-21'),
	(5, 7, 'asunto', 'descripcionWWWWWWWWWWWWWWWWWWWWWWWWWWWWWWWWWWWWWWWWWWWWWWWWWWWWWWWWWWWWWWWWWWWWWWWWWWWWWWWWWWWWWWWWWWWWWWWWWWWWWWWWWWWWWWWWWWWWWWWWWWWWWWWWWWWWWWWWWWWWWWWWWWWWWWWWWWWWWWWWWWWWWWWWWWWWWWWWWWWWWWWWWWWWWWWWWWWWWWWWWWWWWWWWWWWWWWWWWWWWWWWWWWWWWWWWWWWWWWWWWWWWWWWWWWWWWWWWWWWWWWWWWWWWWWWWWWWWWWWWWWWWWWWWWWWWWWWWWWWWWWWWWWWWWWWWWWWWWWWWWWWWWWWWWWWWWWWWWWWWWWWWWWWWWWWWWWWWWWWWWWWWWWWWWWWWWW', '2022-04-21', '2022-04-21'),
	(6, 7, 'asunto', 'descripcionWWWWWWWWWWWWWWWWWWWWWWWWWWWWWWWWWWWWWWWWWWWWWWWWWWWWWWWWWWWWWWWWWWWWWWWWWWWWWWWWWWWWWWWWWWWWWWWWWWWWWWWWWWWWWWWWWWWWWWWWWWWWWWWWWWWWWWWWWWWWWWWWWWWWWWWWWWWWWWWWWWWWWWWWWWWWWWWWWWWWWWWWWWWWWWWWWWWWWWWWWWWWWWWWWWWWWWWWWWWWWWWWWWWWWWWWWWWWWWWWWWWWWWWWWWWWWWWWWWWWWWWWWWWWWWWWWWWWWWWWWWWWWWWWWWWWWWWWWWWWWWWWWWWWWWWWWWWWWWWWWWWWWWWWWWWWWWWWWWWWWWWWWWWWWWWWWWWWWWWWWWWWWWWWWWWWWW', '2022-04-21', '2022-04-21'),
	(7, 7, 'asunto', 'descripcionWWWWWWWWWWWWWWWWWWWWWWWWWWWWWWWWWWWWWWWWWWWWWWWWWWWWWWWWWWWWWWWWWWWWWWWWWWWWWWWWWWWWWWWWWWWWWWWWWWWWWWWWWWWWWWWWWWWWWWWWWWWWWWWWWWWWWWWWWWWWWWWWWWWWWWWWWWWWWWWWWWWWWWWWWWWWWWWWWWWWWWWWWWWWWWWWWWWWWWWWWWWWWWWWWWWWWWWWWWWWWWWWWWWWWWWWWWWWWWWWWWWWWWWWWWWWWWWWWWWWWWWWWWWWWWWWWWWWWWWWWWWWWWWWWWWWWWWWWWWWWWWWWWWWWWWWWWWWWWWWWWWWWWWWWWWWWWWWWWWWWWWWWWWWWWWWWWWWWWWWWWWWWWWWWWWWWW', '2022-04-21', '2022-04-21'),
	(8, 7, 'asunto', 'descripcionWWWWWWWWWWWWWWWWWWWWWWWWWWWWWWWWWWWWWWWWWWWWWWWWWWWWWWWWWWWWWWWWWWWWWWWWWWWWWWWWWWWWWWWWWWWWWWWWWWWWWWWWWWWWWWWWWWWWWWWWWWWWWWWWWWWWWWWWWWWWWWWWWWWWWWWWWWWWWWWWWWWWWWWWWWWWWWWWWWWWWWWWWWWWWWWWWWWWWWWWWWWWWWWWWWWWWWWWWWWWWWWWWWWWWWWWWWWWWWWWWWWWWWWWWWWWWWWWWWWWWWWWWWWWWWWWWWWWWWWWWWWWWWWWWWWWWWWWWWWWWWWWWWWWWWWWWWWWWWWWWWWWWWWWWWWWWWWWWWWWWWWWWWWWWWWWWWWWWWWWWWWWWWWWWWWWWW', '2022-04-21', '2022-04-21'),
	(9, 7, 'asunto', 'descripcionWWWWWWWWWWWWWWWWWWWWWWWWWWWWWWWWWWWWWWWWWWWWWWWWWWWWWWWWWWWWWWWWWWWWWWWWWWWWWWWWWWWWWWWWWWWWWWWWWWWWWWWWWWWWWWWWWWWWWWWWWWWWWWWWWWWWWWWWWWWWWWWWWWWWWWWWWWWWWWWWWWWWWWWWWWWWWWWWWWWWWWWWWWWWWWWWWWWWWWWWWWWWWWWWWWWWWWWWWWWWWWWWWWWWWWWWWWWWWWWWWWWWWWWWWWWWWWWWWWWWWWWWWWWWWWWWWWWWWWWWWWWWWWWWWWWWWWWWWWWWWWWWWWWWWWWWWWWWWWWWWWWWWWWWWWWWWWWWWWWWWWWWWWWWWWWWWWWWWWWWWWWWWWWWWWWWWW', '2022-04-21', '2022-04-21');
/*!40000 ALTER TABLE `sugerencias` ENABLE KEYS */;

-- Volcando estructura para tabla proyectopro.test_comandas
CREATE TABLE IF NOT EXISTS `test_comandas` (
  `id` int(11) NOT NULL AUTO_INCREMENT,
  `estado` varchar(50) DEFAULT NULL,
  `check1` varchar(50) DEFAULT NULL,
  `check2` varchar(50) DEFAULT NULL,
  `check3` varchar(50) DEFAULT NULL,
  PRIMARY KEY (`id`)
) ENGINE=MyISAM AUTO_INCREMENT=10 DEFAULT CHARSET=latin1;

-- Volcando datos para la tabla proyectopro.test_comandas: 9 rows
/*!40000 ALTER TABLE `test_comandas` DISABLE KEYS */;
INSERT INTO `test_comandas` (`id`, `estado`, `check1`, `check2`, `check3`) VALUES
	(1, 'activo', 'false', 'false', 'false'),
	(2, 'activo', 'false', 'false', 'false'),
	(3, 'desactivado', 'false', 'false', 'false'),
	(4, 'activo', 'false', 'false', 'false'),
	(7, 'activo', 'false', 'false', 'false'),
	(6, 'activo', 'false', 'false', 'false'),
	(5, 'activo', 'false', 'false', 'false'),
	(8, 'desactivado', 'false', 'false', 'false'),
	(9, 'activo', 'false', 'false', 'false');
/*!40000 ALTER TABLE `test_comandas` ENABLE KEYS */;

-- Volcando estructura para tabla proyectopro.users
CREATE TABLE IF NOT EXISTS `users` (
  `id` int(11) NOT NULL AUTO_INCREMENT,
  `name` varchar(50) DEFAULT NULL,
  `email` varchar(50) DEFAULT NULL,
  `password` varchar(150) DEFAULT NULL,
  `remember_token` varchar(200) DEFAULT NULL,
  `updated_at` datetime DEFAULT NULL,
  `created_at` datetime DEFAULT NULL,
  PRIMARY KEY (`id`)
) ENGINE=InnoDB AUTO_INCREMENT=18 DEFAULT CHARSET=latin1;

-- Volcando datos para la tabla proyectopro.users: ~16 rows (aproximadamente)
/*!40000 ALTER TABLE `users` DISABLE KEYS */;
INSERT INTO `users` (`id`, `name`, `email`, `password`, `remember_token`, `updated_at`, `created_at`) VALUES
	(1, 'jorge', 'hola@test.com', '$2y$10$92IXUNpkjO0rOQ5byMi.Ye4oKoEa3Ro9llC/.og/at2.uheWG/igi', '123123', NULL, NULL),
	(2, 'hola', 'hosla@test.com', '123123', '123123', '2022-04-06 10:26:31', '2022-04-06 10:26:31'),
	(3, 'testext', 'test@hola.com', '$2y$10$.2Ri06ag8vdhcja5d71qrePQNnnKvmMZd/jlxT58LADwqFJKgRApK', 'hrE7kMN2rgKNM8C7GfpWaZ3zs5fuMSvYJJBTk1g9hVaGnQZwbltXUux03Ees', '2022-04-06 10:32:36', '2022-04-06 10:32:36'),
	(5, '6000', 'hola1@test.com', '$2y$10$rYqqbclPwgbSkK2RwhGnDenYiNUO8GSPnPWQ.Y4vIhTvEZpoCojj.', 'ccvpKPq8Vw', '2022-04-06 10:35:54', '2022-04-06 10:35:54'),
	(6, 'testext', 'hola6@test.com', '$2y$10$GdpxepiLNRVQG4mJ19zfeeycTQJwGABpCxegbq1SBY3EGnr1NU.g2', 'FnM', '2022-04-06 10:37:21', '2022-04-06 10:37:21'),
	(7, 'testext', 'hol55a@test.com', '$2y$10$fPXiZam0BNixE6crhfrVoOifeJSbWBLUXcMWSNEwj5nRcNaXw6V0a', 'SbQ', '2022-04-06 10:37:48', '2022-04-06 10:37:48'),
	(8, 'ggg', 'test123@hola.com', '$2y$10$TSTyQ5Q73okRNhjfUD22yuE8CKW1cIjTFwfriVZEi7HVrSwq28jVC', '9K6sbqdfr7', '2022-04-06 11:52:12', '2022-04-06 11:52:12'),
	(9, 'cliente', 'hola123@test.com', '$2y$10$ABfHt.HOg3Fbzc0/J/XzFukcsxMG9iQGcgUonYG.jrkAq1Us9y2SG', 'Ygx422nPVR', '2022-04-06 13:04:06', '2022-04-06 13:04:06'),
	(10, 'hola', 'hosl2222a@test.com', '$2y$10$h8Jt4Yg0Zun1wGNtNDP1JukdZSEhG1W7H5k6hjbhtlEPlrSIuTrH6', 'VwBykYYqiv', '2022-04-06 13:05:51', '2022-04-06 13:05:51'),
	(11, 'hola', 'flechasarcon@gmail.com', '$2y$10$QMn3hefGRzzODH.1P52u7OrguiwE9dcbhb7QVhkSbji.FcYVWrJvS', 'KgyowEoA6Hv04in75YuaPobezAcOdU2A5NKRfOh90ctYh3N0jc80KrahTe1I', '2022-04-06 13:08:10', '2022-04-06 13:08:10'),
	(12, 'hola', 'flechasarco11n@gmail.com', '$2y$10$2jzRyTstAXnQlaLetziho.Jj3FEvbby2F7gbczEFFTECeijgKgC/i', 'HEMMRrj5EAImnO46B6YuNUIIfN3bfD4LOaeqkzfg4Cze7u357YbyD0WZY8Hl', '2022-04-06 13:11:33', '2022-04-06 13:11:33'),
	(13, 'hola', 'flechasarco221n@gmail.com', '$2y$10$ddGVi4PlUfXLs36nkIwN/OmyO6ncfrVLAd4br5USWPEG5XNg8WCLO', 'hdhqKxYTiU', '2022-04-06 13:12:01', '2022-04-06 13:12:01'),
	(14, 'testext', 'hol123123a@test.com', '$2y$10$FMbBRvDIrGu4rgnUdQmJw.aPUjlD5z5tIrHzWX8NHcNInUhMp8kv.', '8jokG24usg', '2022-04-06 13:12:53', '2022-04-06 13:12:53'),
	(15, 'ggg', 'flechasar123123con@gmail.com', '$2y$10$rOkWHt0PV0ggsJFBI5WRzuD7F22WMrN8zuZmiFrWRFpxMfMh2nteK', '3o5j6GeC1yDI3ULCaVD1IBePZes2ikHAtJfMNkLktckcHjmP9fFkytywbqdo', '2022-04-06 13:19:57', '2022-04-06 13:19:57'),
	(16, 'testext', 'test123123@hola.com', '$2y$10$9yzsevOvuOyu5nVRLXVKZOcl/lOmXdEawKdekP9GqB/mBKLviNQSK', '5WA3IMacOc', '2022-04-06 13:21:21', '2022-04-06 13:21:21'),
	(17, 'testext', 'testdios@hola.com', '$2y$10$orrOyTg0lhsd5P4Cy.BaW.V2MUgXiAHqyb4AcXJ.FROoXh/v8i/6K', 'RpxQEwgPXFQK5PJxlKaImnGmkiRnDSXPh2Rq3fbtRWEphmUPWwssfEV8zhUJ', '2022-04-06 13:34:13', '2022-04-06 13:34:13');
/*!40000 ALTER TABLE `users` ENABLE KEYS */;

/*!40101 SET SQL_MODE=IFNULL(@OLD_SQL_MODE, '') */;
/*!40014 SET FOREIGN_KEY_CHECKS=IFNULL(@OLD_FOREIGN_KEY_CHECKS, 1) */;
/*!40101 SET CHARACTER_SET_CLIENT=@OLD_CHARACTER_SET_CLIENT */;
/*!40111 SET SQL_NOTES=IFNULL(@OLD_SQL_NOTES, 1) */;
